id,amount,currency,status,reason,charge,payment_intent,failure_reason,description,created
re_2f4f1f5f9da646cc978e9300,2900,usd,succeeded,fraudulent,ch_fa9d245029c24e58840187bc,pi_1ec4d41b9991445196ea64b8,,,2025-05-04T17:48:00Z
re_6af44b09d14d4b1198269529,7900,usd,succeeded,requested_by_customer,ch_cd8b49ca67f44fb6adc2e80d,pi_2a8bfec44d0f499ca49de574,,,2025-05-08T22:04:00Z
re_e50069c4af60458e96ca1168,2900,usd,succeeded,requested_by_customer,ch_feaa8192602d4f7c8174bd79,pi_659d6004f3844f628e1cb08e,,,2025-05-14T19:11:00Z
re_6d0424ff82d1431da0b13844,7900,usd,succeeded,duplicate,ch_002ea6ea34d147379db088d2,pi_03d8bfcc6a314265a30f4a38,,,2025-05-22T14:43:00Z
re_84ce64653c44462485d59eff,3900,usd,succeeded,fraudulent,ch_d9471cd10bf54aaf8dd2eb2c,pi_d03de0ae8fc043528db7308c,,,2025-05-27T12:47:00Z
re_e33798b6665d4a23972ec062,3900,usd,succeeded,requested_by_customer,ch_8a2c25227d414790b4823130,pi_0899a04fe41747669a277d9f,,,2025-06-05T23:56:00Z
re_b60ed768f7be45d08d73a86a,2900,usd,succeeded,fraudulent,ch_a7d3d5dc7334482f842c8e17,pi_93c05d826a1b4a1fa31bb1a1,,,2025-06-11T15:36:00Z
re_6739aead764e4ddfb6d75cd2,14900,usd,succeeded,fraudulent,ch_ac5767839550477695c1048f,pi_f7d62665b92d4d22945c59be,,,2025-06-12T21:34:00Z
re_e845ab0ba5cb4cec86ed6056,4900,usd,succeeded,requested_by_customer,ch_d8ddebb13825440dbcaca4bc,pi_c99f4cd9cc604cfe88698506,,,2025-06-15T15:22:00Z
re_82474dd94d904da88cbd0c25,7900,usd,succeeded,fraudulent,ch_575483278a6b49aaa393a382,pi_033d7d4042764639ad45b0fa,,,2025-06-17T23:55:00Z
re_8b1d9ec3bbe74e86ac0555b6,7900,usd,succeeded,duplicate,ch_6ffe31ba90ff470fb31f2d0c,pi_3298dcf61b8c4415bc69159d,,,2025-06-17T21:24:00Z
re_858ce6294a6f49fdb05f2f64,14900,usd,succeeded,fraudulent,ch_cd21fe5944bc4b57b6d379cd,pi_e7effdb5ecf5458abd6a5bc2,,,2025-06-18T18:26:00Z
re_7a8c32008498435a860b7e80,3900,usd,succeeded,fraudulent,ch_42f1fe6ee4bf49bf9abec02a,pi_94724ed227cd46a59a039385,,,2025-06-19T16:29:00Z
re_0e0096b3926940e9b9c58c53,4900,usd,succeeded,fraudulent,ch_5f8904746aa74408b6a0831f,pi_738c066f50c840138ed04ab3,,,2025-06-20T14:58:00Z
re_800180d2f9ef4bbe8c25fae8,3900,usd,succeeded,fraudulent,ch_7037cce9196a46578c8622f8,pi_bf344fcb0efd4889b66f759f,,,2025-06-21T17:00:00Z
re_e13c79e7f7bb4449bf803998,3900,usd,succeeded,requested_by_customer,ch_1ff20e0d79404aee873fdefb,pi_01b216d3d8a84c6ca6aedee5,,,2025-06-22T14:25:00Z
re_260bbd8bdeee4ebb93c21300,3900,usd,succeeded,fraudulent,ch_d8407a996fc443be8a48e45a,pi_3667dca091d1465c81d45a18,,,2025-06-23T19:02:00Z
re_4b258abeb1e944af870be0be,3900,usd,succeeded,fraudulent,ch_2b1ecfd7cde24285a46345a4,pi_0c3a965a7f4e44a2a1657d11,,,2025-07-02T18:01:00Z
re_1f88d178d3bf459c8bc2ff8c,4900,usd,succeeded,duplicate,ch_4a5954d032ad4c2290d3a3e2,pi_a654658de2374f9597a26555,,,2025-07-03T16:13:00Z
re_2e8be3fef86e4b42b1c004f3,2900,usd,succeeded,fraudulent,ch_5a44a65ccd404d44a1fd6e75,pi_a34e9ed14cf848bbab18855d,,,2025-07-08T12:19:00Z
re_7180336dd1fd48dfa40fb9a3,4900,usd,succeeded,duplicate,ch_13dc75b1111a4a8d8f1b4f56,pi_9d51edbfc31f4d738d321155,,,2025-07-18T21:52:00Z
re_1674930d7d724893abeaed24,3900,usd,succeeded,duplicate,ch_5c934e9f99fc45a0ae623659,pi_300c44730b584fe3b9921a7f,,,2025-07-18T22:11:00Z
re_70f9d01cc35c42bb999cf93b,7900,usd,succeeded,duplicate,ch_902ad4700f6e4159b333dcfd,pi_61b29597d58f4bdca127ce47,,,2025-07-22T19:36:00Z
re_9a56082c78af482ebfd584da,3900,usd,succeeded,fraudulent,ch_cfd31c38dea648cdafaa65a9,pi_514ba54a9d254a76966f3f38,,,2025-07-23T19:05:00Z
re_c8927c0c885a4fa38b5c6cf2,3900,usd,succeeded,requested_by_customer,ch_3f4d502e9af74ed3b9bb798d,pi_d9715abe10344a9ab1bb749c,,,2025-07-24T15:36:00Z
re_32d9fde93f1040be9786459e,14900,usd,succeeded,requested_by_customer,ch_28dfb48a0df04dcb9c2033f9,pi_39e336f2581d45a395a34434,,,2025-07-24T15:13:00Z
re_d0cb004961ef48ea971ababb,2900,usd,succeeded,duplicate,ch_d86031af39c649de85fa8266,pi_c928af26418a4f73b9557505,,,2025-08-02T16:10:00Z
re_a6f689e7a65c4266bdf1c938,7900,usd,succeeded,requested_by_customer,ch_0817543d54b6476b869a475e,pi_c401fa39fe654f6ba6b25017,,,2025-08-03T16:41:00Z
re_6118ccf8e19a48a9bf964fb2,3900,usd,succeeded,duplicate,ch_306b1059464142398f30b776,pi_6f5780bdde054601a90fca46,,,2025-08-05T22:56:00Z
re_c377a1854863450da78db25a,2900,usd,succeeded,requested_by_customer,ch_148cf2182bfb46108d404f57,pi_8edcdf77e867422885801508,,,2025-08-09T20:18:00Z
re_846089ccae9540388ab8e7c8,3900,usd,succeeded,duplicate,ch_9833b43c07e54fa5ba823e3a,pi_b9d77aaa7b434b7588dd6eb1,,,2025-08-09T22:05:00Z
re_d04dcb8f936c49ae993f723f,2900,usd,succeeded,fraudulent,ch_27573584e6d249d7853ec4d7,pi_f535c44632394bf5b6af1646,,,2025-08-13T14:57:00Z
re_4f0a98ad9bd1498985a13928,4900,usd,succeeded,fraudulent,ch_bfeb9a8761fb48d6a228e62d,pi_e3cfe10a633e4cd380c7987d,,,2025-08-16T16:11:00Z
re_3fa866a93ec34cb8b8107f26,7900,usd,succeeded,requested_by_customer,ch_a3e0941edaaf4a4d968fde6e,pi_adacc90be8764e79a28a323b,,,2025-08-17T19:05:00Z
re_0e156216d7674aecb86312a8,4900,usd,succeeded,requested_by_customer,ch_3dc9a987c5ec48f687a58415,pi_c05013a385a84c5cae5ce76c,,,2025-08-20T12:01:00Z
re_17727f727eb7464eae1c66ba,2900,usd,succeeded,requested_by_customer,ch_3200d7bbd7584d3c9b6b4e52,pi_093933b9ff8d45e596e76b4d,,,2025-08-23T19:28:00Z
re_88b768e633104a428fdef51f,2900,usd,succeeded,fraudulent,ch_022bea76214f4fb0b9da250b,pi_db297a2b35d74aeaacd265b2,,,2025-08-23T19:52:00Z
re_5ebb3a7cbc34480596b29291,3900,usd,succeeded,duplicate,ch_4abdc1f1243c4fcaa34aa4dc,pi_c013de3556dc4036826e0975,,,2025-08-24T12:38:00Z
re_1e8049e7458e48c8b1b12bfd,2900,usd,succeeded,requested_by_customer,ch_8b81522943c6463db2400d82,pi_0a245ee3768c4d0daeb65d05,,,2025-08-25T20:22:00Z
re_399f1053801f43a0ad260524,2900,usd,succeeded,duplicate,ch_45dc84775652417584afec33,pi_ae5d072be01a4fdd9adb767b,,,2025-08-28T18:07:00Z
re_e8691df06bb4444fa4cf92c0,3900,usd,succeeded,fraudulent,ch_37d5b3542f1745e4b09abbd5,pi_f132da22322947d38fef3c06,,,2025-08-30T19:17:00Z
re_995bdfc72d974257ac9e4263,3900,usd,succeeded,duplicate,ch_ffe476486aa841ab865ed017,pi_f06408c9b86644589dda9510,,,2025-08-30T20:54:00Z
re_4494f5ab76e74a38a1565cf5,3900,usd,succeeded,requested_by_customer,ch_91e1f8485d8e4a6baf060029,pi_fee27325da1a44f58f72cc36,,,2025-09-01T15:21:00Z
re_4f1c88c4cc4246f58aeab5d1,4900,usd,succeeded,requested_by_customer,ch_e755e454bbb14be7993b850a,pi_6fa61a7031af4d168222b727,,,2025-09-01T22:08:00Z
re_b834f02666fe43499dd6d50b,3900,usd,succeeded,requested_by_customer,ch_cd62b54fed7c4028b0cceded,pi_1dc3c675c56a4e508e103c77,,,2025-09-02T16:46:00Z
re_58f79452b6104cb6aa733f89,2900,usd,succeeded,requested_by_customer,ch_48ee1bc29a4641d09baed28a,pi_b9261d99815a42308b31349c,,,2025-09-03T15:11:00Z
re_d38e00bd636d4db9b9918be5,7900,usd,succeeded,requested_by_customer,ch_ea5e26db463e4523b227d029,pi_8be0b3e42c9241e088e6dbf4,,,2025-09-04T23:13:00Z
re_10ad05c5af254fb2b041ac47,4900,usd,succeeded,duplicate,ch_b21d378292004e12b4165d71,pi_1d46769ea3f748d3a71ded0d,,,2025-09-04T13:01:00Z
re_1fcb8e45214e4d388eaae4a4,2900,usd,succeeded,duplicate,ch_e1aa1fd12327453d8bb537f5,pi_f00f8d8a20fb4ac0997c811a,,,2025-09-10T20:29:00Z
re_1b85bfff4ce040b9a0494199,4900,usd,succeeded,duplicate,ch_2d704f715b4a43ba823bee75,pi_fe7109f4d9ae4ef598ebb0c6,,,2025-09-11T14:50:00Z
re_cf3ff24f26194bd1bafc5191,2900,usd,succeeded,duplicate,ch_7888c462f8d841bcb08cc60a,pi_f8a7980ba7254a00a40ac2cd,,,2025-09-12T17:24:00Z
re_48be3d14cc3a46bebb9675f2,7900,usd,succeeded,requested_by_customer,ch_8cbe12d5e9104c73a9c4d9f3,pi_8cf563fa81ee435c84de3a0b,,,2025-09-12T16:13:00Z
re_fd0ec80a70364a7ebb402d40,4900,usd,succeeded,requested_by_customer,ch_c6ca01d66d9f420f8ba6b6ce,pi_d24271c98a41423a8f6a781c,,,2025-09-14T13:29:00Z
re_88782e33ece641e2a0c56a7b,4900,usd,succeeded,requested_by_customer,ch_c9a78ce7206b4ae880ae18eb,pi_22060484bc3d407a8645895a,,,2025-09-14T22:30:00Z
re_5986b532565d43f19d57b236,4900,usd,succeeded,requested_by_customer,ch_31b6fa5ba3f144628f1fc8d0,pi_7eaffbef4e6944758b607acc,,,2025-09-15T15:39:00Z
re_1649ed95bea1447f814af58a,4900,usd,succeeded,duplicate,ch_74cc04b9679442faae8efd11,pi_001ed717e8ca447aa7fbd247,,,2025-09-15T15:10:00Z
re_f8282ee4fc9b45738f783ada,4900,usd,succeeded,requested_by_customer,ch_5b826fbfef7f4bdca1806f8d,pi_813cde54d2784fe8ae5cf173,,,2025-09-16T23:12:00Z
re_69f90be9cc4245618a9c5506,2900,usd,succeeded,duplicate,ch_57fc91ad03bd4764badef050,pi_97d2ae23251c4ca9aa2ec719,,,2025-09-18T21:29:00Z
re_b23db3850444495a87bdb4b8,14900,usd,succeeded,duplicate,ch_60e99f30804340d7aeaf6e08,pi_1d8229a4b0b7426bbc24a8b0,,,2025-09-18T12:46:00Z
re_7c8b9423b6ec477d84e8fb82,14900,usd,succeeded,duplicate,ch_c548085cdda7413cb504a7d1,pi_b1ad8a7faf0e40d3b6c57f4b,,,2025-09-19T19:40:00Z
re_debe7118ef3c4acf9010660b,3900,usd,succeeded,duplicate,ch_39900982f590410a83f902cb,pi_f919ba999b334709992da517,,,2025-09-20T16:32:00Z
re_503e0d0ef7d843368ade2589,14900,usd,succeeded,requested_by_customer,ch_8f6b855aeef94c67bbf5e77c,pi_fb81babf8db94af99af7eb66,,,2025-09-21T19:19:00Z
re_aafc7b07966f46949dd6f898,3900,usd,succeeded,duplicate,ch_095632f9cadf4a40a96858a8,pi_871cf8e56f5b4d1ba48f7039,,,2025-09-21T18:07:00Z
re_7537ced884e24255a4a86ccc,2900,usd,succeeded,requested_by_customer,ch_182de59441c94587acad4fe9,pi_f6528a67676342e18274e01e,,,2025-09-22T22:29:00Z
re_93e8de98cbcf46f1a1840827,14900,usd,succeeded,requested_by_customer,ch_ba0c61c3c8f5427c8c25797b,pi_2ab482b80b864754b2a598bd,,,2025-09-22T16:04:00Z
re_54ac4098ea6f4dfd960b7ca0,2900,usd,succeeded,fraudulent,ch_dbed04a2deab4276b2cac3f5,pi_9174718a18d14882807cf3e5,,,2025-09-22T19:29:00Z
re_6a4cae78b3c546a0aa0fe325,2900,usd,succeeded,requested_by_customer,ch_4b188f84ef0a47cc8de33d0f,pi_a6aa3709c6e74bca937aa1ec,,,2025-09-23T17:24:00Z
re_b63efaa5acb247d7bece0be5,2900,usd,succeeded,requested_by_customer,ch_4c937bb04aea41ac8f2114ac,pi_2dcc59b045694e62a0cc1498,,,2025-09-23T17:31:00Z
re_fbff300ab5f8472aa2be3c36,3900,usd,succeeded,fraudulent,ch_c6f74d5c140d44eabcc1d7fe,pi_2c912231d2c7436d8fc469b8,,,2025-09-23T21:51:00Z
re_2db6b12f50a84165b1482733,14900,usd,succeeded,duplicate,ch_5e59c3bbf918407293e21713,pi_7fdf8c88115e410e92fd266e,,,2025-09-23T14:31:00Z
re_a405d65dd7374f2095a6f2f7,3900,usd,succeeded,requested_by_customer,ch_b13bf5f26f1e4dfabb15f86d,pi_b7d8494f11744dbd9d0688e4,,,2025-09-24T22:31:00Z
re_ef054c4c30db4b90be76e3cc,2900,usd,succeeded,requested_by_customer,ch_8cb5df2986b44e198c779ba0,pi_6bd12b0f4d6a4f73a7c3fd72,,,2025-09-24T23:41:00Z
re_f95423df2880476e994c74f9,2900,usd,succeeded,duplicate,ch_215bcdd34f67455aac9cd676,pi_7ce7d9dd2ba745488d650197,,,2025-09-25T22:41:00Z
re_995abe5bd7ed45e4875aed3e,2900,usd,succeeded,requested_by_customer,ch_28be44a46e9f4c8f9fd4dfea,pi_0555e3d3b1824c359c1cd91b,,,2025-09-25T19:31:00Z
re_27f41ec3088a4d47a8faf8b2,2900,usd,succeeded,duplicate,ch_059b90e7e32b4a2b8172c1a9,pi_69445053960e4f1b83172509,,,2025-09-26T15:18:00Z
re_8c4215465b2340d6ba7ed7be,7900,usd,succeeded,requested_by_customer,ch_45732eaf8cac48568db334db,pi_a0407db398fd463986d84a2e,,,2025-09-26T22:47:00Z
re_0ac415c83db34113bd46face,2900,usd,succeeded,duplicate,ch_7afcdd74e7f1411b9c264770,pi_e18f4a57262e403b89fe17c3,,,2025-09-28T13:25:00Z
re_5e5b3ea902e946828c0d67db,3900,usd,succeeded,fraudulent,ch_c0106c191bfe4516bbffdffb,pi_738393030e72428b890980e2,,,2025-09-29T21:20:00Z
re_7401471f68114068a55ac716,2900,usd,succeeded,fraudulent,ch_edf2e07c66ec49d1938626f1,pi_2a4fe63d0c7546c38a2f57ac,,,2025-09-30T13:02:00Z
re_091ab201f04c4de5b71c62ec,14900,usd,succeeded,duplicate,ch_21016add34d34417b8cd16e8,pi_7cd90f7f5f1f456c8a0ba82f,,,2025-10-04T15:36:00Z
re_ccee41abac7d438592addf52,2900,usd,succeeded,fraudulent,ch_b930175f5f3d4ecbab1bd5c3,pi_13e5a9b261ca40bbb9824811,,,2025-10-04T15:16:00Z
re_dede7afe3f114ff4bcd372ca,4900,usd,succeeded,requested_by_customer,ch_2698a29439ea43d3a69361f1,pi_ff7e63b3593d4d41b0d337c3,,,2025-10-05T22:10:00Z
re_08cb4b47a5594e248cd025ec,2900,usd,succeeded,duplicate,ch_4a2b654cf660429bac970346,pi_f02a619cff7c4e119230c5dd,,,2025-10-06T21:00:00Z
re_c2dc8f77c17b49b59aa83479,3900,usd,succeeded,duplicate,ch_682a33382f5f4da2bcb21749,pi_9ff25380543f43e3879882bb,,,2025-10-08T21:54:00Z
re_1409f3d647c04bb49ad429f4,3900,usd,succeeded,duplicate,ch_4670c6abb8d04d97bac20165,pi_3c76ae00eab844f2859e331b,,,2025-10-08T13:12:00Z
re_676c65574ce64d48bbd589a6,14900,usd,succeeded,requested_by_customer,ch_b3625103e2a14c5292e30254,pi_b66624dcb35249dd839cce20,,,2025-10-09T21:59:00Z
re_0dc1429edd104d658ab53f42,2900,usd,succeeded,requested_by_customer,ch_97be2f8b91d749468ace0180,pi_5ab77d11479240f0a7c936a6,,,2025-10-11T15:02:00Z
re_50841bf68c5746389d75ee49,4900,usd,succeeded,requested_by_customer,ch_f6503cbea9a541a6b054d2a8,pi_1ca43416f2d241b487a598ea,,,2025-10-12T18:13:00Z
re_37c4761ca7e646d2a08be9ce,4900,usd,succeeded,fraudulent,ch_9a0c5b4fe2c140618058f326,pi_99415c69fd4d40d681379770,,,2025-10-12T12:37:00Z
re_416e9c28908448e595c5be7a,2900,usd,succeeded,duplicate,ch_e59cb2f7565246479d6a2a16,pi_a9f1a90e3fde4fc6a8a72163,,,2025-10-12T23:17:00Z
re_e38e8fc8096e4644af40b8a3,4900,usd,succeeded,requested_by_customer,ch_caa0b9ec3d5f43ad82d6df7f,pi_3b3c1bfd375f415398b96a38,,,2025-10-14T15:35:00Z
re_b90e0f611fff4971aeb44f8a,4900,usd,succeeded,requested_by_customer,ch_98331b05d8c7418799f91679,pi_3071f94a36f2444fa5520644,,,2025-10-15T18:27:00Z
re_ee64f4b514f04c37b21654b7,4900,usd,succeeded,requested_by_customer,ch_8f12f74d63434cdb9a8c02b1,pi_cc2b1175cda04b8480869aa4,,,2025-10-15T14:05:00Z
re_5605b98758504ac7a30b2775,2900,usd,succeeded,duplicate,ch_e772334eb5ca4014af401bcd,pi_5d06eb2b06a648f6ba50fe14,,,2025-10-15T18:46:00Z
re_3e8a2e5bf3b440bb88559a83,3900,usd,succeeded,duplicate,ch_2ac9e5a399f645388a5280ec,pi_db77db79ac764f55a1c84ad5,,,2025-10-16T13:11:00Z
re_a405254c1195420d9ecf8f39,3900,usd,succeeded,requested_by_customer,ch_08754cab9eb9413ea63adb1a,pi_69a650abb7b34dc9b1994f84,,,2025-10-16T18:10:00Z
re_4aeeb0b51970477cb0d28fcc,2900,usd,succeeded,fraudulent,ch_9c64d95f34ca42a589b9f55b,pi_af0a37796dd9403691a19478,,,2025-10-18T19:55:00Z
re_009c8b786bde4e7387a9a990,7900,usd,succeeded,fraudulent,ch_4f9c8547171d40f9bba0260b,pi_d1d7706329f042419f821792,,,2025-10-19T21:31:00Z
re_3aa1de5ea2654fe88ee6a0ad,4900,usd,succeeded,duplicate,ch_d03715516b0c4593a13d4e26,pi_1ef787bd75914896a4393cce,,,2025-10-21T19:26:00Z
re_580c48cbc4ea45ed9e252aa8,3900,usd,succeeded,duplicate,ch_e8cbd15b6ae1445a94804147,pi_03626a4438e34dd481e6a138,,,2025-10-21T15:53:00Z
re_04c4ec7b79354e9aa2fa66de,7900,usd,succeeded,requested_by_customer,ch_49e4cf8632c64fe9b3937ad4,pi_650f632b83ba4caaa1c8e45b,,,2025-10-22T15:25:00Z
re_212e2ee317a14b94baf3d655,3900,usd,succeeded,requested_by_customer,ch_a60ae88f8e27470596e44c7d,pi_00de6a53d6a44d67b4d22735,,,2025-10-23T23:27:00Z
re_4d740b0126114b979aa4c425,3900,usd,succeeded,fraudulent,ch_4b945f7dfa6b448f9577101a,pi_e9917af3601349bb872cb90e,,,2025-10-24T13:35:00Z
re_e0020ae4291344dfba72d5f2,7900,usd,succeeded,fraudulent,ch_3da3e5cf068e43a88f6a8f1f,pi_50f2588b4f2b460f80ecc9e3,,,2025-10-26T17:15:00Z
re_644242a0013948278c9ebb35,2900,usd,succeeded,duplicate,ch_e7e132c0ce1545df8a447b36,pi_43f633a111d74cb8942265ef,,,2025-10-27T13:48:00Z
re_c4c886fc293b4b83aa3533f4,7900,usd,succeeded,fraudulent,ch_0aee9389dd384a438cccccac,pi_4b523e0240f74feeb7f9b014,,,2025-10-28T15:33:00Z
re_7ad7fee2458e4867a45d409a,3900,usd,succeeded,duplicate,ch_250e2a5a0aa3477595050dec,pi_ef51a6ba19f34f67aef3079a,,,2025-10-28T22:02:00Z
re_a0a70db38b964b05a299df0a,2900,usd,succeeded,duplicate,ch_4fab2493607349419f8927f9,pi_bc259655144d47b381b14609,,,2025-10-31T19:53:00Z
re_a37bf8df54fe479c98757c8a,7900,usd,succeeded,requested_by_customer,ch_d4b4975cf9b94ad294d915a7,pi_f997d4573f424a55981c472b,,,2025-11-04T18:43:00Z
re_00a76975fca44000ad28f811,3900,usd,succeeded,fraudulent,ch_2a3b195ae8884d54bac38e0b,pi_260872bc0ef44c6f9cc460d7,,,2025-11-05T21:09:00Z
re_1501bfb22ef443b886e80246,7900,usd,succeeded,fraudulent,ch_8af762f630ef4ac4830ddc95,pi_10464c4f8bd44b2ea4959835,,,2025-11-09T13:22:00Z
re_6ce0a3d7a2354ade9815649f,4900,usd,succeeded,fraudulent,ch_30a7d424eed1459bb7ae8943,pi_298ade84813f4e5a88ffeafe,,,2025-11-10T17:54:00Z
re_02665485380843b089028eb3,4900,usd,succeeded,fraudulent,ch_0825b9487a25428cba242207,pi_d32f116481e8433ab3f259de,,,2025-11-11T15:17:00Z
re_c9dee857cf0741eaa719acdb,7900,usd,succeeded,fraudulent,ch_791833c1a38e46c9b4f4c1eb,pi_187e156eccc04d988d53f8f5,,,2025-11-12T21:01:00Z
re_bb828592adf44656aea37970,2900,usd,succeeded,duplicate,ch_50c9a93a4d4c480b8f81558e,pi_87986ce8ca9841afa0dbf545,,,2025-11-12T18:10:00Z
re_e60a01b88fee424fb11c2e8e,3900,usd,succeeded,duplicate,ch_dd05829409e04110a89b0b87,pi_c3fbbee36c1e4cfdb2d48ad9,,,2025-11-13T15:57:00Z
re_75e45c897f5d48229c724ed6,4900,usd,succeeded,fraudulent,ch_5fb1580cda37460a9ce63b05,pi_76009400c79d405991736388,,,2025-11-15T12:35:00Z
re_7822e8a40f8d478985ad934e,2900,usd,succeeded,requested_by_customer,ch_1c47be1210fb44e5b5107d9e,pi_3bfefddbb92d40948c9a2664,,,2025-11-16T22:58:00Z
re_bacfeb8380684c04a9083638,7900,usd,succeeded,duplicate,ch_3f49425c54614517b388c98e,pi_5142391a5820425cace849cb,,,2025-11-18T19:52:00Z
re_235912ced5ba4e67a2a1fb9c,3900,usd,succeeded,duplicate,ch_c249d7deac0b4db387726da2,pi_cf35eb08ebd648bb85680478,,,2025-11-19T19:24:00Z
re_6a28e9117b764293b69e386e,2900,usd,succeeded,fraudulent,ch_7c960bda28004284947ac3c8,pi_183b4ef5c6e540d69e2ff974,,,2025-11-19T14:52:00Z
re_0f0a462821254f089150d94f,2900,usd,succeeded,requested_by_customer,ch_e70f2a3d27b446969b9e55ae,pi_6e8e88beb99946d88ea585e3,,,2025-11-19T14:36:00Z
re_54d872c9fb564752aad4e2e4,2900,usd,succeeded,requested_by_customer,ch_ac99edcf8aad4f539c2c3856,pi_52c51801c1ad4cd5b17d230a,,,2025-11-19T19:39:00Z
re_cbc62efd98304025b3356bcf,2900,usd,succeeded,fraudulent,ch_54274c42fb1345b98e8e9cad,pi_d70ae0e0580c444f8bbf55a4,,,2025-11-20T17:57:00Z
re_37c5189d93c94780900e0400,3900,usd,succeeded,fraudulent,ch_64fccc47805342c09c0c4b1c,pi_8756eff67789436f8b194c81,,,2025-11-22T20:52:00Z
re_55054289d81947ea95d4caee,14900,usd,succeeded,requested_by_customer,ch_18ffc8d869714798a71b65df,pi_015daedc1e8a47ef834f035c,,,2025-11-23T19:20:00Z
re_ccd4b6f4189f4342b6ad23b8,3900,usd,succeeded,requested_by_customer,ch_a9264e6de5ce485eb5f4d579,pi_aebbfc0810b54d4ab6af5791,,,2025-11-24T17:02:00Z
re_7e0bcd95deb8471ab1437d12,14900,usd,succeeded,requested_by_customer,ch_875a09aaa1e6425bb8177c41,pi_7087895be0154efe9a3829a5,,,2025-11-28T13:09:00Z
re_33a20698c07149d082cff810,7900,usd,succeeded,fraudulent,ch_ac3d5e6eb9f84ff1a0db9efd,pi_9f6c6f4bfbec40a18520702d,,,2025-11-28T20:54:00Z
re_1991626084b94c728fe2c001,4900,usd,succeeded,requested_by_customer,ch_49901d4b13454de7accca4ac,pi_2b1a4e59a931423cb1c588b4,,,2025-12-01T22:31:00Z
re_4d294f129d094928889bc59e,4900,usd,succeeded,fraudulent,ch_823ac480f26c478b95f04139,pi_4299606660284f4ba3aeabb5,,,2025-12-01T22:17:00Z
re_48fec4c473304a609043bb71,3900,usd,succeeded,requested_by_customer,ch_47af486788454adb8f823dd6,pi_108fa1b23c29405396431271,,,2025-12-01T14:34:00Z
re_02dff8c0c50a4644b00f1edc,14900,usd,succeeded,fraudulent,ch_4afdeb23ed14410bb1b189c4,pi_6e68e48df8ba48a7be1cab33,,,2025-12-02T15:27:00Z
re_ba60a993bd7747028dc2d5e1,4900,usd,succeeded,duplicate,ch_ef8992b141174299b1786167,pi_4395ea71a2394b1c8b694001,,,2025-12-03T13:28:00Z
re_8a55683c6304468db84e7e06,7900,usd,succeeded,requested_by_customer,ch_abc6fe276a5145b2bcae8582,pi_4753c0fb4e44433a9393b501,,,2025-12-03T19:12:00Z
re_0fd530be433244159ffee844,3900,usd,succeeded,duplicate,ch_fb44b9fd5a4e43ac84153b67,pi_a71cf7c1a0904e3ab225f51e,,,2025-12-05T19:39:00Z
re_1dbb54894d664b03b0140b91,2900,usd,succeeded,duplicate,ch_edb0f57bef4c4f79ad4dea54,pi_64f84a00899f446094aae690,,,2025-12-05T14:27:00Z
re_9f26004d953043ac887cbfa3,4900,usd,succeeded,fraudulent,ch_0534231a385f45fbb5224fba,pi_b1942679ce464b96b9585f3c,,,2025-12-06T22:57:00Z
re_74395f99c4eb43849b1060d8,3900,usd,succeeded,duplicate,ch_5b607529130f42a694843c4c,pi_cc16f8fb19734474a7f19dd2,,,2025-12-07T15:23:00Z
re_6efa267004394db8bb46b829,3900,usd,succeeded,requested_by_customer,ch_7870205e97e94a4db445272a,pi_0d32201e5f0b429f89482831,,,2025-12-08T14:36:00Z
re_de4d763ce6fb46318e1f7d5c,7900,usd,succeeded,fraudulent,ch_a39c8d0daed94dd68f00c339,pi_e00051c2a57745f2be78b31b,,,2025-12-10T18:46:00Z
re_1f76b6e0e4b6454e9b714de1,3900,usd,succeeded,fraudulent,ch_032a68356fc24cb4a99f1331,pi_5fc31625b4444bdaa0586a06,,,2025-12-10T12:31:00Z
re_e66d9659018d488c87e9b1cb,2900,usd,succeeded,fraudulent,ch_927d150c42f341ec912362d4,pi_a4cd82b140b641208b819448,,,2025-12-12T13:59:00Z
re_c4a95268e75a45d79c08fe6d,4900,usd,succeeded,requested_by_customer,ch_c8bdedc897ad4deaa56b0263,pi_67ef4e5338554679b4d182ac,,,2025-12-12T18:44:00Z
re_79ecd97664d4471aa06ba95b,2900,usd,succeeded,duplicate,ch_20c34bf4d5d24452b4da743a,pi_785ea0f5cd274c6fa535ea37,,,2025-12-13T19:00:00Z
re_f7c8387e1dba410790531d54,2900,usd,succeeded,duplicate,ch_ba3cf16cdf324129b78771d1,pi_558ae41ab11f4c35a083b64b,,,2025-12-13T18:33:00Z
re_04b8cd789d934119abcbcb6b,4900,usd,succeeded,requested_by_customer,ch_35889f5995c04a81a5545c99,pi_d30cdc5874844fff947f2c19,,,2025-12-14T23:17:00Z
re_ae9a49835a624cbfbeb5c415,3900,usd,succeeded,fraudulent,ch_fd4b2d88aa0d4e7694a564b4,pi_e8b731ba5fce46c9bfae2606,,,2025-12-15T20:52:00Z
re_1be4609262594683b6b6d7b3,14900,usd,succeeded,fraudulent,ch_1685f0992cc34ea69d91b3af,pi_4452436c965842158daaba22,,,2025-12-15T23:20:00Z
re_93d101d11dcd42cfae81306b,4900,usd,succeeded,duplicate,ch_9f6ed56f92b44b5280a2210c,pi_8533698f84974394b44088bb,,,2025-12-15T16:21:00Z
re_b439825886e24bcd9c851ba1,7900,usd,succeeded,requested_by_customer,ch_5b88a7f613cb43a0b0434bc0,pi_6b01ab838b8a4922afd04871,,,2025-12-17T21:56:00Z
re_018cb4c6ffd14bf2a235ddaf,2900,usd,succeeded,duplicate,ch_c4c993b216e740a4bed59591,pi_ea0af29b3d3b4005978a8132,,,2025-12-17T19:45:00Z
re_010db94a85fb4a27b5ed3dc6,2900,usd,succeeded,duplicate,ch_ab3ffcedc7d84d33b88a0477,pi_0580d5e508114a829d305963,,,2025-12-18T22:33:00Z
re_1a5f7c65000442b5b957158b,2900,usd,succeeded,fraudulent,ch_11908a6743c841ed884d77b8,pi_54cb23e83ca1455ea3925a0b,,,2025-12-18T15:41:00Z
re_91111a78b8c44d33a5ead281,4900,usd,succeeded,fraudulent,ch_147d0e1219204c369f955de7,pi_a73e77839307484283dfa364,,,2025-12-18T13:50:00Z
re_c09a15d0cf134c3a8944b5c4,2900,usd,succeeded,requested_by_customer,ch_08d39b251f9744e29189d0d2,pi_05a8ed731be14951a7981379,,,2025-12-18T12:05:00Z
re_c5a8802e82dd4286b02e28de,7900,usd,succeeded,fraudulent,ch_31fade1e2e4c487b9bd614e2,pi_fd82a196170d4e3b9669bc43,,,2025-12-20T13:39:00Z
re_c204e35f6b934c3cb9cd4049,2900,usd,succeeded,duplicate,ch_05ab39ddcd174d74959594d4,pi_a44ab9aee8694a54add32e99,,,2025-12-22T23:57:00Z
re_d8cdd14c4142426db87aa29f,2900,usd,succeeded,requested_by_customer,ch_fc30f2f078b149d4a3ab7c5c,pi_0d16461d67c746dbac330ce1,,,2025-12-25T17:18:00Z
re_afc8dda0d72b4b278ad276e4,7900,usd,succeeded,duplicate,ch_440f9c31774b46b7bb62268b,pi_132304ce5f2443548fd6d05d,,,2025-12-26T14:05:00Z
re_d82282a1ddac436296af5ddb,3900,usd,succeeded,duplicate,ch_0a48dcc1968c4079892d47b5,pi_bed7da4ec00f4ebc8df7802c,,,2025-12-27T22:22:00Z
re_ad2ad16fdca748ef84713c73,2900,usd,succeeded,duplicate,ch_398362a49e9a4be0aa5cd708,pi_7930802d2baa4e07bf804b6c,,,2025-12-27T17:52:00Z
re_35ff4deb5cd743ea90f43792,3900,usd,succeeded,duplicate,ch_18cf358f765c450b8bcd2ee4,pi_53e02b4a37224d50ac6be7db,,,2025-12-28T16:27:00Z
re_545ec54cd6544189927b1d13,4900,usd,succeeded,fraudulent,ch_1e2011387a004daeaaf741ed,pi_26918e51eb9b4a7ca94f06d6,,,2025-12-29T15:33:00Z
re_5f727da0cc64463193e2c0ad,2900,usd,succeeded,fraudulent,ch_b85b3243efd041c3b2403aaa,pi_5a6b024d083842f69e450465,,,2025-12-29T21:00:00Z
re_39c2f271818c4693af9e19b8,4900,usd,succeeded,fraudulent,ch_4f8983c39d42451d997fcecb,pi_41f1da981d2f467fb13fb469,,,2025-12-30T20:00:00Z
re_27b8433bff0348baabb1eb13,7900,usd,succeeded,duplicate,ch_aca1b28b52eb4a2c81ecb870,pi_40183cfd164f4e99836ca2c7,,,2025-12-30T16:07:00Z
re_fa6ff6449dc140faabeb41ce,14900,usd,succeeded,fraudulent,ch_f08a905bb0934682a80e0677,pi_7e2cc17635034e70890523be,,,2025-12-30T22:28:00Z
re_e297ff4108754c3db90de172,4900,usd,succeeded,duplicate,ch_0faaf509322b41108f3c8a47,pi_9c98f21339ba4fbfb750f252,,,2025-12-31T20:56:00Z
re_f4fea4d1ce5940abb1af1f1a,2900,usd,succeeded,requested_by_customer,ch_60db5ba4bfaa47a4b7a5ec87,pi_1ba49be59168419a965dc957,,,2026-01-03T12:31:00Z
re_4ac9f200792643bc9babb30f,3900,usd,succeeded,duplicate,ch_005e37c153d4483faa3ed779,pi_74ef449dbc184c36a2edf8c3,,,2026-01-04T18:34:00Z
re_a5e1c2ba5cf846f8841121ed,2900,usd,succeeded,requested_by_customer,ch_ecc7f4f729a6439b826dc79d,pi_de742f77b8c94f858e5a665d,,,2026-01-04T12:35:00Z
re_522fd76ec7b44cdaac600bd1,2900,usd,succeeded,fraudulent,ch_dbce60294acd4f328a610203,pi_7d86cb7745634f0d9165ba4c,,,2026-01-05T23:07:00Z
re_493630d3fc244de694f7fc51,2900,usd,succeeded,duplicate,ch_62f399d2b33f4c4988d478c1,pi_2c71104915414ee0bd201f64,,,2026-01-06T14:57:00Z
re_d24f5a5e358a4b37a017507e,3900,usd,succeeded,requested_by_customer,ch_04dd6868805344dea600b75c,pi_a86a886418c74439b9639134,,,2026-01-06T12:05:00Z
re_9e84712072804169b20397b6,3900,usd,succeeded,requested_by_customer,ch_765f80f2bc8b42f7b09ae884,pi_af03ee6c692f494b89af249d,,,2026-01-07T17:28:00Z
re_a11d38a9a68a4d74a2438ee0,2900,usd,succeeded,requested_by_customer,ch_1ae14cd91cc94dbc991e96d8,pi_15a7b4e275bd49188ca8cd43,,,2026-01-11T14:52:00Z
re_a9d831d93b884d53a10fafd2,2900,usd,succeeded,requested_by_customer,ch_99de925e8bbf4ba7b51f25e2,pi_36527252a6244bf89be40f6d,,,2026-01-12T17:34:00Z
re_9d64337dbfd04ae28a9aa0cd,4900,usd,succeeded,requested_by_customer,ch_a6d6a06b93ba40789f541ca2,pi_ab5b3928bf58479b917d1e98,,,2026-01-12T15:52:00Z
re_12128c68442d4cee8221cf14,2900,usd,succeeded,requested_by_customer,ch_2cb5a92665ec42128db7e0df,pi_76ca5f6bbe964961b4675620,,,2026-01-12T20:10:00Z
re_e43d47c35ff14ac9ae8c59ae,3900,usd,succeeded,duplicate,ch_a32bb29eaa0c481081124944,pi_95caf6ef4f544eeca3dda905,,,2026-01-12T12:54:00Z
re_ad44563e27894be5a71b6205,2900,usd,succeeded,duplicate,ch_a65f075324a54febaa769af6,pi_d6eb274414af4581b3d55b64,,,2026-01-12T18:07:00Z
re_f8f51c2be8894a238e6560d5,3900,usd,succeeded,duplicate,ch_3ae42da6076a4062ad2aa2b0,pi_339f20117d2c47c0849d9735,,,2026-01-14T23:30:00Z
re_8ed454c959954ce0a9a05e07,2900,usd,succeeded,fraudulent,ch_fe919c15feeb44b098143081,pi_4c25e5b2170445d898264988,,,2026-01-14T16:05:00Z
re_5d7783a7730c455f92a6b6d5,4900,usd,succeeded,requested_by_customer,ch_b06a1191010e418494d41ce4,pi_139050fc7fb64916930a4afe,,,2026-01-15T20:52:00Z
re_c030582e6a6f479ca88cfe1b,2900,usd,succeeded,duplicate,ch_a0995bcdb0c344f1999428ea,pi_b44dcd7d1b4c4b4abd2ccaac,,,2026-01-15T17:37:00Z
re_77c0f987279c4a2893b1d18a,7900,usd,succeeded,duplicate,ch_f8eff338ea0d4bc68f56b303,pi_d1c82fe4e1c3495aa626d235,,,2026-01-15T13:06:00Z
re_16097e405a0d452da73a6e2e,7900,usd,succeeded,duplicate,ch_b73d70ff7f674d96aba400c0,pi_5384333601c74adf96be694a,,,2026-01-16T22:42:00Z
re_6192459084484fa597c6049b,7900,usd,succeeded,fraudulent,ch_16968a77e91045f9aa54f1c3,pi_02273f852a2d4c9b8753c875,,,2026-01-17T13:58:00Z
re_e24f58b23c2f4ca6ad02c0e8,2900,usd,succeeded,requested_by_customer,ch_dfb2df35ce204e10a672ad41,pi_02ac2bce60384aa1bcffa0a1,,,2026-01-17T20:13:00Z
re_8bbcc3e2083a45ff83f909dd,4900,usd,succeeded,duplicate,ch_10d4183220c64274ab60d5c8,pi_f2d717778f1a4e2ca94cab53,,,2026-01-19T18:23:00Z
re_8fa115d28ac04c65abc1bf7a,2900,usd,succeeded,fraudulent,ch_edec4163474f48608fb9606c,pi_38b266ed1a6047418ecca7a8,,,2026-01-20T16:31:00Z
re_d022a3b0ed044f5ca0e2eff5,2900,usd,succeeded,duplicate,ch_9e7a9e1000bc4171918d21f6,pi_3308e727a3ad4b42894b20f2,,,2026-01-21T15:04:00Z
re_d17c74c7826d43648f1369e7,2900,usd,succeeded,duplicate,ch_e6b913af0c224b6a87b3f7d4,pi_4da7dac6bb5b40a697624ac9,,,2026-01-21T12:44:00Z
re_80eb3265afed40ae831ee39a,2900,usd,succeeded,duplicate,ch_f97295dc6957406c9471512e,pi_846d7f4c9a4d48a3ac357f4f,,,2026-01-21T20:06:00Z
re_600856fe30ae425e9c8acfde,4900,usd,succeeded,requested_by_customer,ch_b8dec61924714dd2be6e5f1f,pi_66e4ee60777f4213a4aa5b58,,,2026-01-22T19:03:00Z
re_2e4e3460c97a4d0894b8395e,3900,usd,succeeded,requested_by_customer,ch_c14cd6e68703474798dcf0ae,pi_9c8a1b34663f43dd8a8a0ea0,,,2026-01-23T18:58:00Z
re_30acc15b54c94112869658f7,3900,usd,succeeded,duplicate,ch_a544863df280421f913d0f03,pi_928d520a3ab4466d9aeecf3d,,,2026-01-24T13:50:00Z
re_81e3f9b0bcde47f4ad71ccd0,7900,usd,succeeded,requested_by_customer,ch_78e1c16337b44ff68c329523,pi_6627cdcccaec49dda8bc8fac,,,2026-01-25T13:35:00Z
re_2ce535c3c71148ac917c9fe1,14900,usd,succeeded,requested_by_customer,ch_7be06c26fea64dc3ba0fbf1c,pi_3543387e554c4883bc4058d2,,,2026-01-25T12:31:00Z
re_9941b0cc1ff645799fa5b337,2900,usd,succeeded,fraudulent,ch_7aa510bb1fd648d79d6445ec,pi_e7abebdc264d4ba28deb9247,,,2026-01-25T14:33:00Z
re_8acc097a8f5745369646b929,3900,usd,succeeded,fraudulent,ch_2278ee6471a3432e9dbb6091,pi_dcae48c358884bc3a984de3c,,,2026-01-25T17:43:00Z
re_30a65edbca004b8cb767cf96,3900,usd,succeeded,fraudulent,ch_4932106cc543429c8d835a19,pi_0fe00baf036a4aab9ea8bb5b,,,2026-01-25T19:24:00Z
re_13f8c41ddaa0483883a160e3,14900,usd,succeeded,fraudulent,ch_12e1478296ab4c5489c71e28,pi_7a5fe4728d464e2285c9b8a9,,,2026-01-26T20:57:00Z
re_0e6c14c640a549489a4f2af9,4900,usd,succeeded,duplicate,ch_341a9b3f0a434944a6f7c271,pi_0e8e8d01d9fa4c50a1ceb8e3,,,2026-01-27T15:29:00Z
re_03ef7f08c3e549519e1e0d14,2900,usd,succeeded,fraudulent,ch_a61bba95ff4a429aaaa5e837,pi_9ceadb899be3400ab992d1e9,,,2026-01-30T14:30:00Z
re_254509999361466ab80303b4,4900,usd,succeeded,requested_by_customer,ch_e69cc0d7ddec45349b19df64,pi_1a0e764591db4a9d82e13d9f,,,2026-01-30T21:27:00Z
re_bd1359ee902b430b9a633ea6,3900,usd,succeeded,fraudulent,ch_15c3090432d54bfc8fd2a561,pi_d03a0a20429e458ea748897b,,,2026-01-31T14:27:00Z
re_3093327c26464e5bb1126c6d,2900,usd,succeeded,fraudulent,ch_648aa826ec4649baa8b18c75,pi_373063daf90e4adb8d1d667c,,,2026-01-31T15:37:00Z
re_522a91a24988469ca6d08287,3900,usd,succeeded,duplicate,ch_e4928b607e264ab9ada9f39a,pi_b14789debd3f4e6aa967ecc3,,,2026-01-31T17:31:00Z
re_1756f04d90fd412c8210ac21,3900,usd,succeeded,requested_by_customer,ch_c88833c814fe4667b207447c,pi_e843fbf05f1d4db2821da73b,,,2026-02-01T17:28:00Z
re_57b57684f3744dc8af6efa09,7900,usd,succeeded,requested_by_customer,ch_cc2179c40f654cf8ba8f3a7c,pi_7729ea17cdde4bb0a1bc7b19,,,2026-02-02T22:12:00Z
re_b6a7a11f2f08401783d8dc3b,2900,usd,succeeded,duplicate,ch_2c449af56a0547c399432485,pi_e151059a17af40279041bc01,,,2026-02-03T21:34:00Z
re_583fdb0635c64dcd924e787a,2900,usd,succeeded,requested_by_customer,ch_5811fe4ffb6b4d91bc461fa2,pi_f824d0fd2f1d4a099d53042f,,,2026-02-04T20:18:00Z
re_fe3b0d0b82e14bc79e03310b,4900,usd,succeeded,fraudulent,ch_7681d6f2a3dc48df98140b78,pi_ab2cd577ed1c45e6baf12035,,,2026-02-06T18:00:00Z
re_1a1b03fea11841d58f16af55,7900,usd,succeeded,fraudulent,ch_17d6eb54eb4b42db928246a2,pi_3f11d1c32e4044eeacd0faf0,,,2026-02-07T23:48:00Z
re_0fdf3c4aee924b218fe6c741,14900,usd,succeeded,requested_by_customer,ch_7611163177674cd3a7366a28,pi_e4ccfa3c0f824b4a9595941e,,,2026-02-07T14:16:00Z
re_b57718af82954e558cbbbc20,7900,usd,succeeded,fraudulent,ch_acd3b712acec44ef89288203,pi_0ff98e8c5b2e43df8d709e9a,,,2026-02-07T22:26:00Z
re_28a92855a54b4bea98f59fa2,3900,usd,succeeded,requested_by_customer,ch_4241fe063565422a9f50721e,pi_b9ddbb9685154d4aab13b436,,,2026-02-08T13:22:00Z
re_df8c747c97984be1864e0929,3900,usd,succeeded,fraudulent,ch_f6e4810fc56140bbbe01950c,pi_7f54300075184e5a84b614bc,,,2026-02-09T22:45:00Z
re_49ce23c56b064206bc4b6d51,4900,usd,succeeded,duplicate,ch_07520ad0684e4c878fa95dc9,pi_23f34ec8c2754345907fd463,,,2026-02-10T20:12:00Z
re_bfa8e9383a8b456799d20d2e,3900,usd,succeeded,fraudulent,ch_55bf69ecad4946b3a58514fb,pi_de70099b6c3646a8b98d2300,,,2026-02-11T13:53:00Z
re_c459cbdf6bde41e1a96073a8,2900,usd,succeeded,requested_by_customer,ch_2629c6ea98674b0c945a7261,pi_af1bf75f861b46589464b8ca,,,2026-02-13T12:22:00Z
re_6e6a510b39b94aaca5daab8b,4900,usd,succeeded,duplicate,ch_8f9ec36b997945128a4e5d42,pi_be50c7c9e1f7419c99da181d,,,2026-02-13T12:18:00Z
re_2b4c9085fdd9418eb2b53444,4900,usd,succeeded,requested_by_customer,ch_e5d7ddd911ae4022b56cf570,pi_0d9e04f1f7f34c7f8457e217,,,2026-02-13T17:14:00Z
re_8c1f7c4070d44213b6bfa35f,2900,usd,succeeded,fraudulent,ch_e96b6ee085db4967bdd7ff1b,pi_b5e5f5936b91489aaa47d9c0,,,2026-02-13T23:44:00Z
re_49a345c46f1344cbb51d25b1,2900,usd,succeeded,requested_by_customer,ch_660ec2d3d5d34773aa19b025,pi_84ef8c13224346798813b3d6,,,2026-02-14T20:32:00Z
re_fd245136b25649c78b13b54f,7900,usd,succeeded,fraudulent,ch_aef6a50356d247458256a3c4,pi_cbded7b6c58b4966a3b6d0c3,,,2026-02-15T19:09:00Z
re_993251ff008e4824996ce928,3900,usd,succeeded,requested_by_customer,ch_33c625a545fd40a4906ee38f,pi_5899d8bfb7e742c1a23a0c75,,,2026-02-15T13:58:00Z
re_4053bf78147c41cdb2b4c0aa,2900,usd,succeeded,duplicate,ch_384b991e5d0d4d7f8cfdab9d,pi_94f31c490a354122a2f88452,,,2026-02-15T20:51:00Z
re_e506afab57a64ad6bfed70bd,3900,usd,succeeded,requested_by_customer,ch_716c757a7fe8445aaea35c08,pi_76a76f3092234bfb93db7f53,,,2026-02-17T17:26:00Z
re_f200971a63bd4de18b2ffd74,3900,usd,succeeded,fraudulent,ch_c6df289606954ea9b747e7d0,pi_95c7374596544dad84c7f342,,,2026-02-18T21:40:00Z
re_a8a7a34e2d824368a9108cdd,14900,usd,succeeded,requested_by_customer,ch_f8599647c20542a2838d9e9f,pi_838e253f4f044ac1a1e4b6fd,,,2026-02-18T23:25:00Z
re_08d3f2c25b4c4d55b7aa8808,4900,usd,succeeded,requested_by_customer,ch_fd6f8aaddfcc4a0ba1e86e68,pi_ab401908993544b6bb51b71d,,,2026-02-18T17:06:00Z
re_7ae812dde9fd4bcab697fbce,2900,usd,succeeded,fraudulent,ch_ad0d0c99b0b34cd39d2a131b,pi_a4d410c21d4347548825e378,,,2026-02-18T17:23:00Z
re_20dd7287d80f4db69d083331,2900,usd,succeeded,requested_by_customer,ch_d3836f3ed0ae426a9b7d05c6,pi_5267c14034c54bf4a2f68a0d,,,2026-02-19T18:53:00Z
re_bb7f89b0f3444853873f5cf4,4900,usd,succeeded,duplicate,ch_87f99ea1eff6402f96b3dc3a,pi_c1be44dd1033451da1d76a4a,,,2026-02-19T14:38:00Z
re_9a4f48ee215241e7b85808e8,3900,usd,succeeded,requested_by_customer,ch_6ab960bbcdcc478faf149df3,pi_5dddfcbf2abb4c44a5a3870c,,,2026-02-19T15:56:00Z
re_1888fe804adf4880aa248689,4900,usd,succeeded,requested_by_customer,ch_fdfde7e643f242dbb88a346e,pi_029e33c370d9414f907689a6,,,2026-02-20T13:10:00Z
re_52d4e2f1f898471baef65bbd,2900,usd,succeeded,requested_by_customer,ch_599887eaf41f4fa28f9e5661,pi_f8e5119944644656bd8c4fab,,,2026-02-21T22:16:00Z
re_7860f64b360f41af92079168,4900,usd,succeeded,duplicate,ch_f3f602fcebfd4ee791ea9324,pi_fd21a609535648b3b0920d2c,,,2026-02-21T17:09:00Z
re_64abe4095f6d41799c7fe0dc,2900,usd,succeeded,fraudulent,ch_263dc5006a514e239834fe34,pi_ddb5587ece0f4316947724ce,,,2026-02-22T20:24:00Z
re_b9216048d635421caa581ad6,7900,usd,succeeded,fraudulent,ch_14777c3025ca4bf499b6f63c,pi_80ff8971445343e6b0b95f2f,,,2026-02-23T12:53:00Z
re_a2387a7526b24e5f9853d584,14900,usd,succeeded,requested_by_customer,ch_470492676574430db44793cd,pi_a4dfa0b6ad6c4f648a4733fe,,,2026-02-23T13:43:00Z
re_b117a885113a442194e788c5,2900,usd,succeeded,requested_by_customer,ch_66c016424ed34e629590de42,pi_06419eb6f8d14e7cae173808,,,2026-02-23T20:31:00Z
re_204855edb4e14ab4a77a373d,4900,usd,succeeded,fraudulent,ch_9466562c3fcb4991a8df6166,pi_a2771643fe0f4f5b8d2326ed,,,2026-02-24T22:42:00Z
re_65b3dec1b9044fd1bb4484c6,14900,usd,succeeded,duplicate,ch_ce267cfc46f84c0992fdd530,pi_35b5f62323334ed3afc7cc89,,,2026-02-24T23:46:00Z
re_b890de6fa563414095b499dd,3900,usd,succeeded,duplicate,ch_02c55bc27b3c4dd7bafe91dc,pi_2474c758498d4ff49519cc75,,,2026-02-24T13:19:00Z
re_ef70a9afe4a545eea8ba6734,7900,usd,succeeded,fraudulent,ch_3fdd46b9b54c48509aa8692f,pi_f00b7639ad584fa4b020a9da,,,2026-02-25T22:53:00Z
re_8a8dc3ef18ed4a6eb21930ed,4900,usd,succeeded,duplicate,ch_11a383dc635e4e7d94ce0027,pi_4b2c3807e9ca4abcbc90b58d,,,2026-02-25T17:57:00Z
re_d16f2916ac9146da9c9ab7f8,3900,usd,succeeded,requested_by_customer,ch_0e9f0d976fc14629a759afa3,pi_4df90583b9c44ccd8f173bfa,,,2026-02-25T18:51:00Z
re_4b714bbfb95d486ca68fce79,2900,usd,succeeded,fraudulent,ch_6bdb3386e0084a9ea2b29cca,pi_93bcb1ea67fa49fcb1d10016,,,2026-02-26T21:11:00Z
re_b32414bf6a6b46dda588979a,3900,usd,succeeded,requested_by_customer,ch_6d3b6c178979418b9d085106,pi_5b30a6e55f70487b9d0a1ad3,,,2026-02-27T20:38:00Z
re_386be16098884579a7adfb2e,4900,usd,succeeded,duplicate,ch_6cb94ac013fb4adfa88f8345,pi_50581c13768748f0b9895ef8,,,2026-02-27T13:07:00Z
re_9f030c2c02014499b9f159fd,2900,usd,succeeded,duplicate,ch_dfaf5c9b939a46d6b7d36b91,pi_4d606a68ca8943cbac19e539,,,2026-03-01T22:10:00Z
re_ce964038a7164117b97eb3f0,2900,usd,succeeded,duplicate,ch_2ebc172c2df840818835a239,pi_d55a612c3b0749879f9da53a,,,2026-03-01T15:28:00Z
re_43df04e049d04f1ea80b1c2b,7900,usd,succeeded,requested_by_customer,ch_d6e871d397814ac882e3197f,pi_1c8e3912bd144518acd28e61,,,2026-03-02T12:55:00Z
re_7dd51c2b4ca542e7a6989d8b,4900,usd,succeeded,fraudulent,ch_a5f2fb93f09f40f5bb92168c,pi_18bd479adc524be2b0e06cb5,,,2026-03-02T20:23:00Z
re_6c39655d27cb414ca33124f1,2900,usd,succeeded,requested_by_customer,ch_12306fa306b84432ba5a3d63,pi_f455840352e2455a8151d018,,,2026-03-02T20:45:00Z
re_8c3b81d827df4775a702ccdb,4900,usd,succeeded,duplicate,ch_3275670274e64a318a1126c0,pi_cccde5bc56374b0e80e346b3,,,2026-03-03T12:08:00Z
re_5c6642ba14224e1aa2122048,7900,usd,succeeded,duplicate,ch_b376a2d7fcad42be99d0e034,pi_f89ae4a494404f3f90070922,,,2026-03-04T16:53:00Z
re_859746886a9542609842c1e4,3900,usd,succeeded,fraudulent,ch_fee3a76f129e456ebcc5c785,pi_4881ff32a74d4c07adf0996a,,,2026-03-04T15:26:00Z
re_b2ce99653dd94d40b8bd6463,2900,usd,succeeded,fraudulent,ch_3a8fc1d7fe3b4279bde8da75,pi_701068fca0b84a8cbf2b1cac,,,2026-03-05T15:25:00Z
re_330f9236af31412eacf70f11,3900,usd,succeeded,requested_by_customer,ch_8916c0615df94777bf0de2c0,pi_1ae4f2c2579348cfad839980,,,2026-03-05T23:06:00Z
re_16476114088648ca9d3d40e7,14900,usd,succeeded,requested_by_customer,ch_7a33b9e7d8aa4912908b2d20,pi_36ea0523efe44fdf877057ed,,,2026-03-05T17:34:00Z
re_5dbe4a18b0b5410886e28ca9,4900,usd,succeeded,fraudulent,ch_37e5825e534c40769fef274b,pi_07fad4d7d7794028a9ef0898,,,2026-03-07T17:02:00Z
re_c6b199406ff04299b0194105,3900,usd,succeeded,duplicate,ch_1172f4e46f724d81941fa6ea,pi_f3acd95ebaa24e059cd691bf,,,2026-03-07T18:14:00Z
re_c499474fa00146b1bad517f1,3900,usd,succeeded,requested_by_customer,ch_7a786dddfd48431eacec1eeb,pi_2a63bd53e68c446789460dd3,,,2026-03-08T12:49:00Z
re_e647d3c40e3b4d64bab6ea25,3900,usd,succeeded,duplicate,ch_fec29a08b2bd4f8b86e5cc9c,pi_ae03f3e821ec443e98d970d9,,,2026-03-08T14:02:00Z
re_fdbc46433e3f4be791315e55,2900,usd,succeeded,fraudulent,ch_d82c2f4287d740e38d46bb76,pi_d9ae90310e1f4b49951d5ef4,,,2026-03-08T18:40:00Z
re_1a8f991fe5314eed8f744a53,7900,usd,succeeded,requested_by_customer,ch_6900416903f4498fbe17263b,pi_c96427d4518148ef9138754e,,,2026-03-10T14:39:00Z
re_57d4fba34658447cb156dcc3,4900,usd,succeeded,requested_by_customer,ch_cbc1ee6278fa43768653ab56,pi_76b99e3bd9854a169787c49d,,,2026-03-10T23:51:00Z
re_c48a163544a3450e8beb710e,2900,usd,succeeded,requested_by_customer,ch_0c5fcef62107461ca79dda66,pi_75a4a003469f44e5b7219f63,,,2026-03-10T13:20:00Z
re_1e7ce33211144e70af7a0f9d,2900,usd,succeeded,duplicate,ch_94367ca1c23d464abfd11676,pi_4718a13daa35461f8f964bf1,,,2026-03-11T13:44:00Z
re_3e2c5280995f492298f16655,3900,usd,succeeded,duplicate,ch_9496ecc7309746868a62f2a9,pi_240d5f015ff4493b95c638fe,,,2026-03-12T22:34:00Z
re_14ff8a81cf84447599a5b938,2900,usd,succeeded,requested_by_customer,ch_368a0bf9da9a4d8db810e608,pi_5a45aace6c044c0b8ec17d67,,,2026-03-12T16:12:00Z
re_fd2e2eece67e48fba1ba9ca4,3900,usd,succeeded,duplicate,ch_243e1ed40f5742b896a47d68,pi_d19ce266f5ac490db3df2f8c,,,2026-03-12T16:24:00Z
re_d1725f0492f548989f521828,3900,usd,succeeded,requested_by_customer,ch_cd0d5ee2ed8547b28b1e9b0f,pi_cca862d2879e41a6b20aff54,,,2026-03-13T15:07:00Z
re_059bfec4e7ed438cbd31e55b,2900,usd,succeeded,duplicate,ch_2cfc52ae661f452ebec5e3ce,pi_c9b94d7a5e0c4d02989ff821,,,2026-03-13T13:39:00Z
re_d2292bf66a2944eaa183627d,2900,usd,succeeded,fraudulent,ch_315fe422dee446788f8ca556,pi_7b3a9f7d516f4cdba1c25bca,,,2026-03-13T16:56:00Z
re_260e75a4b3c54220b0da8056,4900,usd,succeeded,duplicate,ch_050bf28f06894fa2b9ed05ca,pi_4be40ac9968a40dca675e2b8,,,2026-03-13T16:38:00Z
re_ea503697547646ae9237f8c4,3900,usd,succeeded,fraudulent,ch_9fb263ab4d1f45109442228a,pi_9fe44bfcfbe34dd2abde6bb0,,,2026-03-14T23:28:00Z
re_f6ebb2f761ef4359bb80e1db,2900,usd,succeeded,fraudulent,ch_85a952333d9143f4845c54e2,pi_921d3a40ef04401b8243c110,,,2026-03-14T14:17:00Z
re_c7b447162299470c89aa2a2b,3900,usd,succeeded,fraudulent,ch_7dadfb2f50ce42b4923a997c,pi_d52d05b8c3f249e080565679,,,2026-03-14T19:15:00Z
re_b25226850fdc4860886aceb7,2900,usd,succeeded,fraudulent,ch_1590260419fe422182ff7100,pi_503adf6051004d7da4ef85bc,,,2026-03-14T22:22:00Z
re_e03fffc4523041189dfc1d87,2900,usd,succeeded,fraudulent,ch_4803a623639a4c7a9ab53f99,pi_436ed8e8b8b445708b7188de,,,2026-03-15T18:33:00Z
re_826e6571d8a440bf958f1900,2900,usd,succeeded,duplicate,ch_1968b6f4cafe41619465a063,pi_b91132c5c5e044eab05846a8,,,2026-03-15T22:51:00Z
re_fe75a1a885414d9c84e2fc78,3900,usd,succeeded,requested_by_customer,ch_d3fec2b5578948cea5ff01a2,pi_d15478492bfa4ad4aad77303,,,2026-03-16T19:43:00Z
re_fe9d8eecb4dd4297bacb77cc,3900,usd,succeeded,duplicate,ch_8ed4fc2c923c4127bde22662,pi_8c204b657c554d63a305600e,,,2026-03-16T19:48:00Z
re_88b0115e91994c3e96dd84a3,4900,usd,succeeded,requested_by_customer,ch_b1f497187621487ea9552b59,pi_2dfaf7f6efcf41c0b3515ebc,,,2026-03-16T16:36:00Z
re_f1c05db400d44c74af6e9c54,3900,usd,succeeded,requested_by_customer,ch_6a4410f3705d4fd4aa8a0468,pi_3f2bfdc3e8e54e6ebed5f1fa,,,2026-03-16T17:08:00Z
re_6dc3627537344eba824f4f7c,2900,usd,succeeded,requested_by_customer,ch_06ce62bb84ee450e83875c9f,pi_94822e653ea6472e98977be3,,,2026-03-16T18:52:00Z
re_20589ee5825c48ac9854e45c,4900,usd,succeeded,duplicate,ch_d39c3ee0642046958ca9646d,pi_0a156993eebf4bb28d39cd72,,,2026-03-16T20:13:00Z
re_75058b515c42444fad8c149e,3900,usd,succeeded,fraudulent,ch_1a33914c427e498d87db530d,pi_ce02aa4e5ada4d4bac658ab3,,,2026-03-17T23:22:00Z
re_a5be25cdf5df423790aeb3cf,4900,usd,succeeded,requested_by_customer,ch_0a5403a4129c4294882a6df9,pi_33bf0c891f044b47bb48c847,,,2026-03-17T17:28:00Z
re_c73bd9caa5f148ae968ce15d,4900,usd,succeeded,duplicate,ch_4a1e40782cd54da998e511f6,pi_8252d5a3bee9413295b5810a,,,2026-03-17T16:54:00Z
re_12c024c33e4c45b1acf7c5c5,2900,usd,succeeded,fraudulent,ch_b11e4889e3e1436485a4bfb9,pi_f9d63536de94447fb5e186ed,,,2026-03-17T14:23:00Z
re_f59f729c7324493aac99f471,2900,usd,succeeded,fraudulent,ch_d7c95d0181a74bffaef3dcbb,pi_7532cea7129747158d29aa87,,,2026-03-17T16:34:00Z
re_d2b711d3726e42c494727671,2900,usd,succeeded,duplicate,ch_49ad484f24f74dfdab77c34f,pi_2a412a4181d048bcb595de55,,,2026-03-17T18:40:00Z
re_46fe0a7f9565432189b68185,2900,usd,succeeded,duplicate,ch_cfd4977efa504d1dae1bbe52,pi_6950a69f2a4a40439c72058f,,,2026-03-18T16:36:00Z
re_97ebd8fc33c643f3a76fc2d2,2900,usd,succeeded,duplicate,ch_b4a2d0b3fcbb4e3288d2b7db,pi_34f7e326e0184319a64fcc23,,,2026-03-19T19:11:00Z
re_fa103a28e0544015bf74cc48,2900,usd,succeeded,duplicate,ch_c7814c361c404766be7f7470,pi_05e5a78d78e64377ad31ba0b,,,2026-03-20T23:39:00Z
re_cbac9170b6ac4b258345ab7a,3900,usd,succeeded,fraudulent,ch_8571fc84bd874f6b88d79c1a,pi_30ebdcbca53b4404837978d6,,,2026-03-20T19:39:00Z
re_0e8054f6e8064380a8361dd5,2900,usd,succeeded,requested_by_customer,ch_db7e73931ab54ad7b7de379e,pi_aadbe1d25dd84778a6585096,,,2026-03-21T22:18:00Z
re_d96eece5eed14775a8ee1e54,2900,usd,succeeded,duplicate,ch_63f155d27d2d429cbd4c0ee1,pi_f07cb3cd06a44d5987fc4b7f,,,2026-03-21T12:37:00Z
re_05a11222b04b416cb408d8bd,7900,usd,succeeded,requested_by_customer,ch_505c685ec69942d7b43810f8,pi_00e4107e25cd4d16aed60629,,,2026-03-22T19:40:00Z
re_665edd92a15d41d0867304bd,3900,usd,succeeded,requested_by_customer,ch_750f92c4cd794d4dba25a841,pi_2425363cfb824642ad2482d6,,,2026-03-23T18:44:00Z
re_e1c551049ada4d1fbc90fa3d,2900,usd,succeeded,fraudulent,ch_32136ae3524a4d6daab818f3,pi_65666728e9f44375b8e0cd01,,,2026-03-23T14:26:00Z
re_4fe3b425c8b44faa86b09ed6,2900,usd,succeeded,duplicate,ch_31b6d90dd0a8417f953900fb,pi_2b473dd3af864d0eba6693a9,,,2026-03-24T18:44:00Z
re_d9cda9e1a8a64c449c929e2a,2900,usd,succeeded,requested_by_customer,ch_710f1ff511a74c6eb13c5db5,pi_15242c6d9fc143acb95fe44e,,,2026-03-25T16:00:00Z
re_ca6fdd74f01a4a11aedd54a8,3900,usd,succeeded,requested_by_customer,ch_c648e4242a2d4acfadd043b0,pi_15122d88b62b47a5b8e11343,,,2026-03-26T20:37:00Z
re_dffbc0173365405a9709eb75,3900,usd,succeeded,duplicate,ch_4b62e8a39a7a41cebd7aea45,pi_2f6219d45ec642fba72485c8,,,2026-03-26T21:33:00Z
re_1ae432900a57408489ad5890,4900,usd,succeeded,fraudulent,ch_413f483857604fb9a06d5aed,pi_9f250c765ad94beb8daf16a4,,,2026-03-26T18:46:00Z
re_6f3adf5ffdcb4bd9ab68b679,2900,usd,succeeded,duplicate,ch_3b31f943657e44ec9c21e688,pi_421bc16aa2c14fcbb09ad6ba,,,2026-03-28T14:23:00Z
re_2fc910bf6fb046f88acc1832,2900,usd,succeeded,duplicate,ch_e1988c51f24c4bb3aceef4f4,pi_0a321e8280d640b5a10df66d,,,2026-03-28T12:51:00Z
re_7aec85ccaabe481db4d35b9a,2900,usd,succeeded,fraudulent,ch_4ea19407f55a4741964890eb,pi_b58b573d5dd24a39993d54f1,,,2026-03-28T14:36:00Z
re_59d8341c8d7a4523953af49b,3900,usd,succeeded,duplicate,ch_22f124f895c64c9a9b483984,pi_c7f0b4d0b7fe4da7a20cf6bf,,,2026-03-30T12:38:00Z
re_a8a7dabc04934ec0b1982a24,7900,usd,succeeded,fraudulent,ch_49a0d5ca7cc94ed899205850,pi_1cd695ec0250441d8a020c0d,,,2026-03-31T19:07:00Z
re_189d1c02d71e41e2ab9e771f,3900,usd,succeeded,requested_by_customer,ch_815c590794e943c8adc5e9f5,pi_c1438ec9d85e4c2bb29e0e69,,,2026-04-01T21:06:00Z
re_d785dd0d1ab04273a38862ad,3900,usd,succeeded,requested_by_customer,ch_a27c4b125cf24b6a930de96f,pi_37277436bff249e9aea44c71,,,2026-04-02T20:57:00Z
re_04bdf863b19241ba8e697afa,4900,usd,succeeded,duplicate,ch_1b230efa67c34b519b72a828,pi_c6122fc123f74ec781200a37,,,2026-04-02T12:53:00Z
re_e7ade7213bad4f8ab194b83f,4900,usd,succeeded,fraudulent,ch_4c1b999f75fc4d0f822be598,pi_eaa2622c74c94283b3306206,,,2026-04-02T14:53:00Z
re_e35e8f37344b42d28fb6a041,2900,usd,succeeded,requested_by_customer,ch_d35859f2ce6840c4ab680451,pi_80560789ebe7450b923aa858,,,2026-04-03T12:12:00Z
re_815fcc42a24d469880f0de75,2900,usd,succeeded,requested_by_customer,ch_d20abce0e5a5490db7518b12,pi_34b8de22964148fa91e53baa,,,2026-04-03T16:50:00Z
re_0fd1543b887b42afa9bfc6e8,4900,usd,succeeded,requested_by_customer,ch_b93b38ea351d428ab6895f6b,pi_75f158be8710442896ac55f8,,,2026-04-03T20:13:00Z
re_bed1fad1970744d98ee65ef0,2900,usd,succeeded,requested_by_customer,ch_3679b3554be8432ea16c4d03,pi_1fe2226ff9ba414f9f42b1b9,,,2026-04-04T22:11:00Z
re_3b23a98548644222a83e7435,3900,usd,succeeded,fraudulent,ch_7e6bd19941ed40089137bb3d,pi_1c5cb5f04417460aa25161da,,,2026-04-04T13:12:00Z
re_2a710dae00bb420d9e085903,2900,usd,succeeded,fraudulent,ch_883c8b99fdbf4c1fadde1df8,pi_2219b2e4eb794ea6a1faed85,,,2026-04-05T23:39:00Z
re_2995bf9887484d1b9a4048de,2900,usd,succeeded,requested_by_customer,ch_3c81448bafdd4b4c8deed751,pi_98d0a2637a434abaa4057b11,,,2026-04-05T23:41:00Z
re_93ae32fe98eb4f6d96129143,4900,usd,succeeded,duplicate,ch_6d2bea7722834ca6936f3f5f,pi_d71aa491b25b489eb6bde177,,,2026-04-06T23:50:00Z
re_30ba06b7d2f440f8bb6c70ea,4900,usd,succeeded,requested_by_customer,ch_4e0584b23e9141519f832534,pi_69e7a64fa30c4a9f8047193c,,,2026-04-07T17:45:00Z
re_eed5e7a9ff6b44f0a12a13c0,2900,usd,succeeded,duplicate,ch_64ac94c556bd4318bcea2e7f,pi_05468c7eb60f4928abee4f87,,,2026-04-07T23:22:00Z
re_85f960ed9f164d1da05ad4f8,7900,usd,succeeded,fraudulent,ch_fb4b56642f2047f3a0169577,pi_4f3f115d60c34429b157fcc1,,,2026-04-07T18:36:00Z
re_421d6bc2a6514b3bbcd9e539,2900,usd,succeeded,requested_by_customer,ch_3a46f14d6c2342d586a50f19,pi_57129a70cd44401cbcda498e,,,2026-04-08T22:46:00Z
re_39585eee9a314de3943c4931,2900,usd,succeeded,duplicate,ch_31c7f45186df4f06b505215a,pi_64d3d3b8b769454fafc166e9,,,2026-04-10T23:17:00Z
re_add98fdb2bfb457b9b9ed3f0,2900,usd,succeeded,fraudulent,ch_92892ae9a83c400ca7f6bdbd,pi_261184b8ea3f4d55961ac6a9,,,2026-04-11T19:24:00Z
re_5e3823e3ff9f4a8ebb81f04a,7900,usd,succeeded,duplicate,ch_ed8f23c439ed4575b91d56ca,pi_f1dbdc48587d4aaea75d0ce6,,,2026-04-12T12:31:00Z
re_db4c33fccc5641229c9cca63,14900,usd,succeeded,duplicate,ch_cda5562797464b1c9dcd3bd5,pi_372f135aebe449bca2350f4b,,,2026-04-12T22:41:00Z
re_0d1b615789b34c32afd388e1,14900,usd,succeeded,duplicate,ch_2edbe5c799dd471bbb71239f,pi_a6ef64f4baaa4d7c85dd43e1,,,2026-04-15T12:25:00Z
re_e44f3f6ea8a04570ac3a5ddd,2900,usd,succeeded,duplicate,ch_58a53506cebc46a1b195b3aa,pi_848c42e933d144ff92110e68,,,2026-04-15T13:33:00Z
re_eb890bf7b8364ab6bddbd71c,7900,usd,succeeded,fraudulent,ch_4934cc76c0214bfc83f914f2,pi_a3336e2c48e44380badbb64b,,,2026-04-15T17:07:00Z
re_0344b4011f574baa931d3bba,4900,usd,succeeded,requested_by_customer,ch_d232df5aa3b941f9a678f961,pi_ef96f13928d443f099667ea4,,,2026-04-16T12:07:00Z
re_72baed88971c4b0c812a605a,4900,usd,succeeded,duplicate,ch_63015f14a1d64e5282bfb642,pi_9feafa53cfca4d119e97b498,,,2026-04-16T14:22:00Z
re_1db5622383c946a4952cd079,14900,usd,succeeded,duplicate,ch_aa8a8f93f20c4523bce09e24,pi_fdc2314786944c8dafc50686,,,2026-04-17T12:46:00Z
re_3ccb6e80a1994d1ba6bfd1f2,3900,usd,succeeded,fraudulent,ch_17ca5dfa3de64c0e819d7a69,pi_4f20590d907f4a87a9ff9617,,,2026-04-17T23:57:00Z
re_ecd5bf2bfcd345609ac8e6e4,3900,usd,succeeded,duplicate,ch_ddcb0b6e909f4378a9bbf350,pi_67a31a5777a6452dbd640df3,,,2026-04-17T22:02:00Z
re_3633108dc8e84cc18902d23a,3900,usd,succeeded,requested_by_customer,ch_cf2d84e7877e4f0aa69b453d,pi_ade05f9574a243568a8d3ca8,,,2026-04-17T22:03:00Z
re_af17ea94ad9d41589e2203e7,7900,usd,succeeded,fraudulent,ch_6b07a73933614d4cb681774f,pi_00a9251e87a54e0495dddca1,,,2026-04-18T23:04:00Z
re_07d14881e7344db3bf87f621,3900,usd,succeeded,requested_by_customer,ch_ca06e1821c634be7b71a6104,pi_f8025137ada5479ab8090501,,,2026-04-19T13:39:00Z
re_d38e937d3a6c4ca586d30ea8,2900,usd,succeeded,duplicate,ch_e12d37ac7e344e9d8686ce95,pi_5984f2fff6e14ef5ab690bcd,,,2026-04-19T20:43:00Z
re_52b6e66621ed458eafad569c,14900,usd,succeeded,duplicate,ch_42694e913f5a483bb00aff99,pi_461023e21c4c497ba50ded23,,,2026-04-19T23:43:00Z
re_bbab902c3de043578be4929c,2900,usd,succeeded,duplicate,ch_4ce0cb54a6ed41f99efd2768,pi_3cb621a8b9b24e5c8df75968,,,2026-04-20T19:11:00Z
re_58d86c57efb247cb851b0d6c,4900,usd,succeeded,fraudulent,ch_8ff70ebb11fc47719220882a,pi_4cc01b1257d2416e9384cbc1,,,2026-04-21T20:33:00Z
re_d48f33049d044cf68204f764,3900,usd,succeeded,fraudulent,ch_539fe2e7bdcf47969abef2c2,pi_3a7195c80a904e018de69e12,,,2026-04-21T14:24:00Z
re_529953bee7c24391899a4e79,2900,usd,succeeded,fraudulent,ch_864489b15c724e789edd5f46,pi_297bbb10d60e436a9858a348,,,2026-04-22T23:12:00Z
re_bfe39d67581a45acba4b3b78,2900,usd,succeeded,requested_by_customer,ch_6919f8d59f144c208f988b33,pi_5cf369d0f0f3447fb4d3bbd0,,,2026-04-23T19:47:00Z
re_3e7791a8966d4926bdf7a789,4900,usd,succeeded,fraudulent,ch_b28e68a9e1464766bb5e2b36,pi_555c2f93d82a4199bc613bd7,,,2026-04-24T13:24:00Z
re_3090f6d0c5914a49b1becf06,2900,usd,succeeded,duplicate,ch_b3df977ad0154e3499863689,pi_98efa2ae89fa45218f329a0d,,,2026-04-24T20:45:00Z
re_f66ceebb9ad14b77b4f7cf1b,3900,usd,succeeded,duplicate,ch_28ab41ae3775499fb71112e4,pi_888c7b0eee1b45dfb2a48b99,,,2026-04-24T21:09:00Z
re_d1d2fe16388a49efb8c78d34,3900,usd,succeeded,duplicate,ch_e5bf29e5d27b4123ae54d20e,pi_a97ac04a2a7e4f2296c25867,,,2026-04-25T14:36:00Z
re_584eef86022345f5ab06eadd,7900,usd,succeeded,fraudulent,ch_4e9e362e7bc740c19086dc1f,pi_3287a36d9d1d4f7cb2d46d71,,,2026-04-25T19:47:00Z
re_dc374f1fc36f49a582c086c3,3900,usd,succeeded,requested_by_customer,ch_44f1ec2438384a529da8ba75,pi_93d44f45914c409c8e977d55,,,2026-04-25T14:40:00Z
re_930ada6e765248e9be2b9adf,3900,usd,succeeded,requested_by_customer,ch_2f53503a19364cba8b549423,pi_4d3e084c6a3f42d3b36e5e09,,,2026-04-27T16:03:00Z
re_17abcbc9eb5d4e6692ca7fdc,3900,usd,succeeded,requested_by_customer,ch_ea8e5d222f3e4e898bcd1be6,pi_b496f50ffedf4cdf9f64e40f,,,2026-04-27T16:49:00Z
re_26a7971369ad44aca4fe7d42,2900,usd,succeeded,requested_by_customer,ch_032dd4ca21454d5f9ff6e47b,pi_8ba1d272d2ca4ffe8d4691db,,,2026-04-28T14:20:00Z
re_6a98e2e075864e75a34f8758,7900,usd,succeeded,duplicate,ch_9533156d80f44a229223d308,pi_157b5285d75747499252d3e6,,,2026-04-28T17:53:00Z
re_87305f06369148fba679a03b,2900,usd,succeeded,fraudulent,ch_da31ab113905473faf119fd1,pi_ce9a5e77523b45c2b303cd21,,,2026-04-28T19:16:00Z
